Sweep Results,,Sweep 001,Sweep 001,Sweep 001,Sweep 001,Sweep 001,Sweep 001,Sweep 001,Sweep 001,Sweep 001,Sweep 001,Sweep 001
Parameter,Valid QC,RecInac0,RecInac1,RecInac2,RecInac3,RecInac4,RecInac5,RecInac6,RecInac7,Compound Name,Seal Resistance,Capacitance
Time of Sweep ,,4.4630,4.4630,4.4630,4.4630,4.4630,4.4630,4.4630,4.4630,4.4630,4.4630,4.4630
A01,T,-2.942125E-10,-4.088006E-10,-3.995096E-10,-3.019550E-10,-2.508549E-10,-1.796245E-10,-1.517517E-10,-1.362669E-10,NMDG60/2,8.441581E+8,1.109201E-11
B01,T,-6.116524E-10,-1.517517E-10,-1.145880E-10,-1.114911E-10,-1.068456E-10,-1.161365E-10,-1.316214E-10,-1.378153E-10,NMDG60/2,5.548842E+8,3.946256E-12
C01,T,-3.375702E-10,1.548487E-11,1.083941E-11,1.548487E-11,1.548487E-11,1.858184E-11,1.238790E-11,6.193948E-12,NMDG60/2,6.033020E+8,2.938678E-12
D01,T,1.006517E-10,-4.955159E-11,-7.277889E-11,-5.729402E-11,-5.110007E-11,-4.180915E-11,-4.335764E-11,-2.787277E-11,NMDG60/2,1.046632E+7,NaN
E01,F,-2.432673E-9,1.858184E-11,-6.968191E-11,-2.121427E-10,-3.855733E-10,-5.001613E-10,-6.735918E-10,-7.912769E-10,NMDG60/2,9.946606E+7,2.359705E-11
F01,F,-1.951094E-10,9.290922E-11,8.052133E-11,6.658495E-11,6.039100E-11,2.787277E-11,1.083941E-11,9.290922E-12,NMDG60/2,6.741990E+6,NaN
G01,F,-1.006517E-10,-1.563972E-10,-1.316214E-10,-1.207820E-10,-1.068456E-10,-1.192335E-10,-1.192335E-10,-1.037486E-10,NMDG60/2,1.671677E+8,6.715382E-11
H01,T,-1.393638E-11,-3.406671E-11,-2.632428E-11,-1.703336E-11,-2.013033E-11,-2.167882E-11,-1.703336E-11,-1.703336E-11,NMDG60/2,5.657357E+8,3.702093E-12
I01,T,-6.813343E-11,-1.161365E-10,-1.006517E-10,-9.136074E-11,-9.755469E-11,-9.755469E-11,-8.206981E-11,-8.361830E-11,NMDG60/2,2.235239E+8,NaN
J01,T,-2.279373E-9,-3.561520E-11,-6.658495E-11,-1.610427E-10,-2.973095E-10,-4.026066E-10,-4.676431E-10,-5.388735E-10,NMDG60/2,1.389317E+9,9.785338E-12
K01,F,-9.321892E-10,-7.742435E-11,-7.587586E-11,-1.037486E-10,-1.300729E-10,-1.610427E-10,-1.858184E-10,-2.338215E-10,NMDG60/2,3.437924E+8,9.441382E-12
L01,F,-7.742435E-12,4.335764E-11,4.180915E-11,3.096974E-11,-1.393638E-11,1.548487E-12,-2.632428E-11,-3.096974E-12,NMDG60/2,8.138976E+8,8.875982E-12
M01,F,-3.716369E-11,-6.039100E-11,-6.193948E-11,-3.871218E-11,-4.026066E-11,-5.110007E-11,-4.955159E-11,-4.490612E-11,NMDG60/2,1.007869E+8,NaN
N01,F,-2.787277E-11,-8.826376E-11,-7.277889E-11,-6.348796E-11,-4.490612E-11,-1.703336E-11,-1.393638E-11,-2.013033E-11,NMDG60/2,5.060548E+7,NaN
O01,F,-2.833731E-9,-3.933157E-10,-4.351249E-10,-5.651978E-10,-7.030131E-10,-8.996709E-10,-1.108717E-9,-1.271308E-9,NMDG60/2,5.161678E+8,1.850540E-11
P01,F,-1.889154E-9,-3.251823E-11,-1.022001E-10,-9.445771E-11,-8.052133E-11,-6.658495E-11,-1.796245E-10,-2.074973E-10,NMDG60/2,7.081669E+8,6.691754E-12
A02,T,-9.275437E-10,-5.574553E-11,-5.419705E-11,-7.123040E-11,-1.052971E-10,-1.285244E-10,-1.502032E-10,-1.935609E-10,NMDG60/2,6.549233E+8,6.616330E-12
B02,T,-1.930963E-9,-3.561520E-11,-7.432738E-11,-1.471063E-10,-2.260791E-10,-3.251823E-10,-4.320279E-10,-5.110007E-10,NMDG60/2,1.335288E+9,1.293913E-11
C02,T,-6.379767E-10,-5.729402E-11,-6.968191E-11,-6.658495E-11,-7.432738E-11,-8.981225E-11,-8.981225E-11,-1.006517E-10,NMDG60/2,8.823430E+8,6.038935E-12
D02,F,-1.094780E-9,-7.432738E-11,-8.361830E-11,-7.742435E-11,-1.114911E-10,-1.269759E-10,-1.672366E-10,-1.997548E-10,NMDG60/2,2.342237E+8,1.073007E-11
E02,F,-2.632428E-11,-2.167882E-11,-1.858184E-11,-2.167882E-11,-2.167882E-11,-9.290922E-12,-2.477579E-11,-1.703336E-11,NMDG60/2,1.253904E+8,NaN
F02,T,-1.187690E-9,-2.601458E-10,-2.911156E-10,-2.756307E-10,-2.663398E-10,-2.694368E-10,-2.725337E-10,-2.864701E-10,NMDG60/2,9.130734E+8,NaN
G02,F,-5.357765E-10,2.771792E-10,1.765275E-10,1.579457E-10,1.068456E-10,4.335764E-11,2.477579E-11,-3.096974E-11,NMDG60/2,1.233263E+8,4.360889E-11
H02,F,-5.504871E-9,-1.858184E-10,-1.104071E-9,-2.135364E-9,-2.993225E-9,-3.465514E-9,-3.886703E-9,-4.160785E-9,NMDG60/2,1.001624E+9,2.062343E-11
I02,F,-7.587586E-11,-5.884251E-11,-4.955159E-11,-4.026066E-11,-4.955159E-11,-3.251823E-11,-5.264856E-11,-5.110007E-11,NMDG60/2,5.021348E+8,1.506085E-11
J02,T,-3.358668E-9,-2.570489E-10,-1.982063E-10,-1.749790E-10,-2.307246E-10,-3.158914E-10,-4.428673E-10,-5.636493E-10,NMDG60/2,1.144719E+9,2.291869E-11
K02,F,-2.013033E-11,-3.515065E-10,-1.610427E-10,-1.068456E-10,-9.600620E-11,-9.290922E-11,-8.516679E-11,-8.981225E-11,NMDG60/2,1.103624E+9,4.004171E-11
L02,F,-1.455578E-10,-1.811730E-10,-1.765275E-10,-1.718821E-10,-2.028518E-10,-1.672366E-10,-1.935609E-10,-2.090458E-10,NMDG60/2,2.562236E+8,5.858073E-12
M02,F,-3.251823E-10,-6.039099E-10,-6.519130E-10,-5.806826E-10,-6.968192E-10,-4.877734E-10,-5.435190E-10,-5.295825E-10,NMDG60/2,1.562765E+8,1.445193E-11
N02,F,-1.022001E-10,-1.904639E-10,-2.198852E-10,-2.322731E-10,-3.189883E-10,-3.081489E-10,-3.220853E-10,-3.143429E-10,NMDG60/2,4.398429E+9,1.876892E-11
O02,F,-1.938706E-9,-1.424608E-10,-2.585973E-10,-4.196400E-10,-6.054584E-10,-7.123040E-10,-8.687012E-10,-9.647074E-10,NMDG60/2,3.993541E+8,1.355421E-11
P02,F,-1.796245E-9,-1.455578E-10,-1.114911E-10,-1.749790E-10,-2.539519E-10,-3.422156E-10,-3.607975E-10,-3.964127E-10,NMDG60/2,4.723587E+8,1.285201E-11
A03,T,-9.755469E-11,-7.061101E-10,-6.008130E-10,-4.614491E-10,-3.592490E-10,-2.973095E-10,-2.276276E-10,-1.780760E-10,NMDG60/2,7.432077E+8,2.607509E-11
B03,F,-2.858507E-9,-1.502032E-10,-2.245306E-10,-3.747339E-10,-5.156462E-10,-6.643009E-10,-8.346345E-10,-9.848378E-10,NMDG60/2,5.254566E+8,1.274422E-11
C03,T,-8.361830E-11,-5.574553E-11,-6.813343E-11,-6.658495E-11,-6.348796E-11,-6.039100E-11,-5.884251E-11,-6.968191E-11,NMDG60/2,1.052404E+9,9.542553E-12
D03,F,-3.096974E-12,-4.645461E-11,-3.561520E-11,-2.322731E-11,-4.800310E-11,-2.013033E-11,-3.406671E-11,-3.406671E-11,NMDG60/2,5.363396E+8,1.180694E-11
E03,F,-1.718821E-10,-7.742435E-11,-1.037486E-10,-1.022001E-10,-1.300729E-10,-1.378153E-10,-1.347184E-10,-1.347184E-10,NMDG60/2,6.869223E+8,9.921565E-12
F03,T,-1.873669E-10,-1.022001E-10,-1.130395E-10,-9.445771E-11,-8.516679E-11,-7.897284E-11,-7.277889E-11,-7.277889E-11,NMDG60/2,1.135807E+9,4.685142E-12
G03,T,-1.926318E-9,-6.813343E-11,-8.516679E-11,-1.765275E-10,-2.493064E-10,-3.453126E-10,-3.979612E-10,-4.784825E-10,NMDG60/2,1.245778E+9,1.522848E-11
H03,T,-1.119556E-9,-7.277889E-11,-8.671527E-11,-1.997548E-10,-3.499581E-10,-4.722885E-10,-5.450674E-10,-6.348797E-10,NMDG60/2,1.603514E+9,9.133114E-12
I03,T,-4.168527E-9,-6.658495E-11,-2.663398E-10,-5.187432E-10,-8.083103E-10,-1.049874E-9,-1.325505E-9,-1.537648E-9,NMDG60/2,1.773515E+9,1.240212E-11
J03,T,-2.987032E-9,-4.645461E-11,-2.555004E-10,-4.660946E-10,-7.014646E-10,-9.105104E-10,-1.125750E-9,-1.296084E-9,NMDG60/2,1.124360E+9,1.380402E-11
K03,T,-1.323956E-9,-4.645461E-11,-6.348796E-11,-6.968191E-11,-8.206981E-11,-1.269759E-10,-1.440093E-10,-1.656881E-10,NMDG60/2,2.256467E+9,4.345501E-12
L03,F,1.037486E-10,2.338215E-10,4.691916E-10,2.121427E-10,2.942125E-10,1.935609E-10,1.594942E-10,1.625911E-10,NMDG60/2,4.243343E+8,1.666889E-11
M03,F,-4.603652E-9,-2.074973E-10,-9.507710E-10,-2.188012E-9,-3.045874E-9,-3.516614E-9,-3.807730E-9,-3.909930E-9,NMDG60/2,3.410117E+8,1.277058E-11
N03,F,-5.419705E-11,-2.942125E-11,-2.477579E-11,-2.942125E-11,1.548487E-12,1.083941E-11,-1.393638E-11,-1.548487E-12,NMDG60/2,6.669132E+8,7.269553E-12
O03,F,-7.277889E-10,-2.028518E-10,-2.400155E-10,-2.369185E-10,-2.276276E-10,-2.276276E-10,-2.198852E-10,-2.136912E-10,NMDG60/2,5.619884E+8,1.472112E-11
P03,T,-6.643009E-10,6.193948E-12,-4.335764E-11,-4.026066E-11,-4.955159E-11,-6.658495E-11,-6.813343E-11,-8.516679E-11,NMDG60/2,6.132193E+8,7.544698E-12
A04,T,-4.067875E-9,-1.254274E-10,-2.136912E-10,-4.072521E-10,-6.348797E-10,-8.981225E-10,-1.080844E-9,-1.274405E-9,NMDG60/2,7.971297E+8,1.782402E-11
B04,T,-1.342538E-9,-5.419705E-11,-5.884251E-11,-6.193948E-11,-6.193948E-11,-5.729402E-11,-7.277889E-11,-1.022001E-10,NMDG60/2,5.959916E+8,1.221702E-11
C04,F,-2.044003E-10,-3.205368E-10,-2.833731E-10,-2.090458E-10,-1.362669E-10,-1.176850E-10,-1.006517E-10,-9.600620E-11,NMDG60/2,2.828115E+9,1.352951E-11
D04,F,-1.997548E-10,-1.099426E-10,-1.285244E-10,-1.192335E-10,-1.192335E-10,-1.269759E-10,-1.254274E-10,-1.331699E-10,NMDG60/2,2.003744E+8,NaN
E04,T,-1.455578E-10,-2.477579E-11,-2.322731E-11,-2.167882E-11,-1.548487E-11,-2.167882E-11,-2.322731E-11,-2.167882E-11,NMDG60/2,7.116860E+8,4.904495E-12
F04,T,-1.269759E-10,-2.632428E-11,-2.942125E-11,-2.322731E-11,-2.477579E-11,-2.322731E-11,-2.477579E-11,-2.632428E-11,NMDG60/2,1.274477E+9,4.787075E-12
G04,T,6.968191E-11,-1.362669E-10,-1.037486E-10,-8.052133E-11,-6.348796E-11,-3.716369E-11,-3.096974E-11,-2.167882E-11,NMDG60/2,1.546572E+8,1.868784E-11
H04,T,-4.335764E-11,-2.926641E-10,-1.951094E-10,-1.114911E-10,-8.206981E-11,-5.884251E-11,-6.039100E-11,-5.729402E-11,NMDG60/2,1.438652E+9,1.500775E-11
I04,T,-3.220853E-10,-2.632428E-11,-3.561520E-11,-2.942125E-11,-2.942125E-11,-3.406671E-11,-3.406671E-11,-4.026066E-11,NMDG60/2,5.651347E+8,9.645830E-12
J04,T,-6.193948E-12,-1.130395E-10,-1.022001E-10,-9.290922E-11,-8.671527E-11,-8.361830E-11,-8.052133E-11,-7.587586E-11,NMDG60/2,2.726822E+8,1.000000E-12
K04,T,9.290922E-12,-4.800310E-11,-6.039100E-11,-7.277889E-11,-8.206981E-11,-6.503646E-11,-7.432738E-11,-7.277889E-11,NMDG60/2,2.301574E+7,NaN
L04,T,-3.995096E-10,-7.432738E-11,-6.039100E-11,-5.264856E-11,-5.574553E-11,-6.503646E-11,-5.110007E-11,-5.264856E-11,NMDG60/2,7.592719E+8,4.492141E-12
M04,T,-2.098200E-9,-3.716369E-11,-1.316214E-10,-2.183367E-10,-2.988580E-10,-4.382218E-10,-5.373250E-10,-6.534615E-10,NMDG60/2,7.240974E+9,7.556839E-12
N04,T,-2.415640E-10,-9.290922E-12,-2.167882E-11,-2.787277E-11,-3.251823E-11,-2.167882E-11,-3.096974E-11,-3.716369E-11,NMDG60/2,1.238030E+9,1.477236E-11
O04,F,4.970643E-10,2.493064E-10,3.096974E-10,3.437641E-10,4.010581E-10,3.561520E-10,3.468611E-10,3.902187E-10,NMDG60/2,1.699919E+7,NaN
P04,F,2.477579E-11,2.322731E-11,2.322731E-11,2.942125E-11,1.703336E-11,1.548487E-11,2.167882E-11,2.477579E-11,NMDG60/2,NaN,NaN
A05,T,-1.982063E-10,-8.361830E-11,-1.083941E-10,-9.290922E-11,-1.192335E-10,-8.361830E-11,-1.099426E-10,-1.114911E-10,NMDG60/2,1.330257E+9,1.616120E-11
B05,T,-3.716369E-11,-3.561520E-11,-3.561520E-11,-2.013033E-11,-2.013033E-11,-2.477579E-11,-2.632428E-11,-1.238790E-11,NMDG60/2,8.700575E+8,7.694405E-12
C05,T,-2.152397E-10,-2.167882E-11,-2.787277E-11,-2.477579E-11,-3.561520E-11,-3.096974E-11,-4.490612E-11,-4.490612E-11,NMDG60/2,1.326692E+9,7.311925E-12
D05,T,-4.645461E-11,-2.787277E-11,-2.322731E-11,-2.167882E-11,-2.013033E-11,-2.167882E-11,-1.858184E-11,-2.167882E-11,NMDG60/2,1.536529E+9,6.908721E-12
E05,T,-5.651978E-10,-5.110007E-11,-4.180915E-11,-4.800310E-11,-4.955159E-11,-4.645461E-11,-6.348796E-11,-6.968191E-11,NMDG60/2,2.001547E+9,1.427982E-11
F05,T,-4.180915E-11,-7.897284E-11,-7.742435E-11,-8.052133E-11,-7.742435E-11,-7.432738E-11,-7.742435E-11,-6.968191E-11,NMDG60/2,1.588867E+8,2.317808E-12
G05,T,-1.226402E-9,-4.800310E-11,-6.039100E-11,-8.826376E-11,-1.068456E-10,-1.409123E-10,-1.594942E-10,-1.827215E-10,NMDG60/2,7.542233E+9,1.107887E-11
H05,T,-3.437641E-10,-2.322731E-11,-2.787277E-11,-2.322731E-11,-5.729402E-11,-2.787277E-11,-6.039100E-11,-6.039100E-11,NMDG60/2,5.768094E+9,1.808113E-11
I05,T,-2.322731E-11,-1.238790E-11,-8.361830E-11,-7.742435E-11,-7.123040E-11,-6.039100E-11,-6.658495E-11,-5.264856E-11,NMDG60/2,1.909961E+8,NaN
J05,T,7.742435E-11,3.871218E-11,2.013033E-11,2.632428E-11,1.703336E-11,3.871218E-11,1.083941E-11,1.858184E-11,NMDG60/2,4.695965E+8,4.234123E-12
K05,T,-8.826376E-11,-1.176850E-10,-1.207820E-10,-1.145880E-10,-1.223305E-10,-1.114911E-10,-1.161365E-10,-1.130395E-10,NMDG60/2,2.821740E+8,4.059383E-12
L05,T,-2.167882E-11,-7.123040E-11,-5.419705E-11,-4.800310E-11,-4.800310E-11,-4.800310E-11,-4.180915E-11,-3.561520E-11,NMDG60/2,1.119349E+9,4.020057E-12
M05,T,-3.964127E-10,-2.338215E-10,-1.502032E-10,-1.920124E-10,-1.858184E-10,-1.579457E-10,-1.765275E-10,-2.229821E-10,NMDG60/2,6.994719E+8,2.104803E-11
N05,T,-9.910317E-11,-6.658495E-11,-8.981225E-11,-8.671527E-11,-8.361830E-11,-7.897284E-11,-9.600620E-11,-7.277889E-11,NMDG60/2,1.155429E+9,1.470052E-11
O05,F,1.548487E-11,-2.322731E-11,-1.858184E-11,-2.013033E-11,-3.096974E-11,-3.716369E-11,-5.419705E-11,-3.096974E-11,NMDG60/2,4.081934E+8,1.021095E-11
P05,F,6.348796E-11,-2.942125E-11,-2.632428E-11,-3.251823E-11,-3.096974E-11,7.277889E-11,1.362669E-10,5.110007E-11,NMDG60/2,9.913123E+7,1.803845E-11
A06,T,-4.180915E-10,-6.193948E-11,-1.022001E-10,-1.161365E-10,-1.316214E-10,-1.362669E-10,-1.687851E-10,-1.703336E-10,NMDG60/2,7.787546E+8,1.475808E-11
B06,T,-4.444158E-10,-4.490612E-11,-5.264856E-11,-4.645461E-11,-8.052133E-11,-4.490612E-11,-7.277889E-11,-6.968191E-11,NMDG60/2,8.099768E+8,1.530042E-11
C06,T,-1.440093E-10,-7.742435E-12,-2.167882E-11,-9.290922E-12,-1.238790E-11,-1.548487E-11,-1.548487E-11,-1.238790E-11,NMDG60/2,6.325728E+8,2.709787E-12
D06,T,-8.671527E-11,-8.516679E-11,-1.099426E-10,-1.161365E-10,-1.207820E-10,-1.083941E-10,-1.145880E-10,-1.114911E-10,NMDG60/2,2.916987E+8,NaN
E06,F,-4.459643E-10,-3.561520E-11,-9.290922E-11,-1.130395E-10,-1.378153E-10,-1.765275E-10,-1.858184E-10,-2.183367E-10,NMDG60/2,1.091071E+9,1.808170E-11
F06,F,-3.716369E-11,-6.968191E-11,-6.813343E-11,-6.968191E-11,-6.658495E-11,-5.884251E-11,-6.193948E-11,-4.955159E-11,NMDG60/2,2.091266E+8,4.622687E-12
G06,T,-1.362669E-10,-8.052133E-11,-9.600620E-11,-7.123040E-11,-7.432738E-11,-6.348796E-11,-6.968191E-11,-4.800310E-11,NMDG60/2,2.297140E+8,1.041258E-11
H06,T,-6.348796E-11,-4.335764E-11,-3.871218E-11,-3.561520E-11,-3.871218E-11,-3.096974E-11,-3.406671E-11,-3.096974E-11,NMDG60/2,4.332320E+8,8.208474E-12
I06,T,-9.600620E-11,-2.167882E-11,-5.574553E-11,-6.193948E-11,-8.361830E-11,-6.193948E-11,-7.432738E-11,-6.348796E-11,NMDG60/2,4.243457E+8,8.107607E-12
J06,T,-7.665011E-10,-2.632428E-11,-8.516679E-11,-1.052971E-10,-1.331699E-10,-1.579457E-10,-1.811730E-10,-1.982063E-10,NMDG60/2,6.752978E+8,1.752601E-11
K06,T,-1.811730E-10,-5.574553E-11,-6.503646E-11,-6.658495E-11,-7.742435E-11,-7.742435E-11,-7.897284E-11,-8.052133E-11,NMDG60/2,6.886809E+8,1.182916E-11
L06,T,-1.373508E-9,-2.167882E-11,-9.600620E-11,-1.641396E-10,-2.260791E-10,-3.251823E-10,-3.979612E-10,-4.490612E-10,NMDG60/2,8.592124E+8,1.501259E-11
M06,T,-2.074973E-10,-1.858184E-11,-9.290922E-12,4.490612E-11,1.858184E-11,3.096974E-11,-7.742435E-12,3.406671E-11,NMDG60/2,4.994814E+8,1.260062E-11
N06,T,-1.765275E-10,-8.981225E-11,-8.206981E-11,-7.742435E-11,-8.361830E-11,-7.587586E-11,-8.516679E-11,-8.671527E-11,NMDG60/2,7.877280E+8,7.384184E-12
O06,F,7.742435E-11,9.290922E-11,3.871218E-11,2.477579E-11,2.477579E-11,5.574553E-11,3.406671E-11,4.335764E-11,NMDG60/2,2.628207E+8,1.376128E-11
P06,T,-2.709852E-10,-7.587586E-11,-7.587586E-11,-8.052133E-11,-6.658495E-11,-6.503646E-11,-7.277889E-11,-7.277889E-11,NMDG60/2,4.224479E+8,1.239986E-11
A07,T,-2.678883E-10,-4.645461E-11,-4.026066E-11,-3.871218E-11,-4.955159E-11,-6.658495E-11,-6.503646E-11,-6.813343E-11,NMDG60/2,1.405781E+9,2.303572E-11
B07,T,-1.703336E-11,-3.251823E-11,-1.238790E-11,-1.083941E-11,-2.632428E-11,0.000000E+0,-2.322731E-11,-2.322731E-11,NMDG60/2,9.125128E+8,4.734560E-12
C07,T,2.013033E-11,1.858184E-11,2.787277E-11,2.167882E-11,2.787277E-11,3.251823E-11,3.096974E-11,3.561520E-11,NMDG60/2,7.217037E+8,4.383301E-12
D07,T,-4.691916E-10,-4.026066E-11,-3.716369E-11,-3.871218E-11,-6.039100E-11,-4.180915E-11,-4.955159E-11,-5.264856E-11,NMDG60/2,3.625659E+9,9.964682E-12
E07,T,-1.022001E-10,-3.561520E-11,-5.110007E-11,-3.716369E-11,-4.800310E-11,-3.251823E-11,-3.871218E-11,-3.871218E-11,NMDG60/2,2.918874E+9,1.064361E-11
F07,F,-2.493064E-10,-8.098587E-10,-7.200465E-10,-6.503645E-10,-6.116524E-10,-5.930705E-10,-5.450674E-10,-5.140977E-10,NMDG60/2,8.987051E+7,NaN
G07,F,-7.742435E-12,4.026066E-11,5.264856E-11,4.955159E-11,5.574553E-11,5.884251E-11,6.039100E-11,5.264856E-11,NMDG60/2,6.044409E+7,NaN
H07,T,-9.910317E-11,-1.052971E-10,-9.755469E-11,-8.826376E-11,-8.206981E-11,-6.503646E-11,-6.348796E-11,-6.503646E-11,NMDG60/2,6.375056E+8,8.527039E-12
I07,T,1.858184E-11,-7.123040E-11,-6.193948E-11,-6.193948E-11,-4.490612E-11,-4.490612E-11,-4.335764E-11,-3.716369E-11,NMDG60/2,1.486111E+8,NaN
J07,T,-1.548487E-11,-4.645461E-12,-1.703336E-11,-2.167882E-11,-2.322731E-11,-1.393638E-11,-1.083941E-11,-7.742435E-12,NMDG60/2,1.595575E+9,1.157459E-11
K07,T,-6.643009E-10,-4.800310E-11,-6.968191E-11,-6.039100E-11,-6.658495E-11,-6.503646E-11,-7.432738E-11,-6.813343E-11,NMDG60/2,1.914539E+9,1.475408E-11
L07,T,5.729402E-11,-1.393638E-10,-1.347184E-10,-1.579457E-10,-1.424608E-10,-1.238790E-10,-1.130395E-10,-1.037486E-10,NMDG60/2,5.361927E+7,NaN
M07,T,-5.264856E-11,7.742435E-12,6.193948E-12,1.548487E-12,4.645461E-12,1.238790E-11,1.238790E-11,7.742435E-12,NMDG60/2,2.599960E+9,4.251080E-12
N07,T,-7.726950E-10,-1.486548E-10,-1.641396E-10,-1.780760E-10,-2.028518E-10,-2.245306E-10,-2.415640E-10,-2.678883E-10,NMDG60/2,5.550354E+8,1.362026E-11
O07,F,-1.754436E-9,-1.052971E-10,-1.424608E-10,-2.090458E-10,-2.849216E-10,-3.623460E-10,-4.397703E-10,-5.079037E-10,NMDG60/2,2.448883E+9,1.414220E-11
P07,T,5.233886E-10,4.939674E-10,4.707401E-10,4.753855E-10,4.784825E-10,4.846765E-10,4.862249E-10,4.862249E-10,NMDG60/2,6.249080E+6,NaN
A08,T,-6.348796E-11,-3.871218E-11,-3.871218E-11,-3.561520E-11,-3.251823E-11,-3.406671E-11,-2.787277E-11,-3.406671E-11,NMDG60/2,7.763130E+8,4.386581E-12
B08,T,-7.510162E-10,-7.742435E-11,-7.897284E-11,-7.897284E-11,-9.755469E-11,-9.290922E-11,-1.207820E-10,-1.424608E-10,NMDG60/2,9.996401E+8,1.009326E-11
C08,T,1.280599E-9,1.248081E-9,1.254274E-9,1.243435E-9,1.251177E-9,1.248081E-9,1.251177E-9,1.241887E-9,NMDG60/2,6.382014E+6,NaN
D08,F,-5.791341E-10,2.942125E-11,2.013033E-11,2.322731E-11,1.703336E-11,1.238790E-11,7.742435E-12,4.645461E-12,NMDG60/2,5.625058E+9,7.314621E-12
E08,F,-1.489645E-9,1.223305E-10,2.183367E-10,1.563972E-10,-1.083941E-11,-1.796245E-10,-2.044003E-10,-3.577005E-10,NMDG60/2,4.730861E+9,1.115192E-11
F08,F,2.880186E-10,7.974708E-10,5.729402E-10,5.543583E-10,5.233886E-10,5.791341E-10,5.590038E-10,5.311310E-10,NMDG60/2,NaN,1.254424E-11
G08,F,0.000000E+0,-3.871218E-11,-9.290922E-12,3.096974E-12,1.548487E-12,-4.645461E-12,-7.742435E-12,7.742435E-12,NMDG60/2,2.393122E+9,5.905117E-12
H08,T,2.787277E-10,2.524034E-10,2.493064E-10,2.493064E-10,2.508549E-10,2.555004E-10,2.477579E-10,2.524034E-10,NMDG60/2,6.109698E+6,NaN
I08,T,-1.006517E-10,-1.300729E-10,-9.600620E-11,-9.445771E-11,-8.826376E-11,-8.052133E-11,-8.981225E-11,-1.409123E-10,NMDG60/2,9.002330E+8,1.609938E-11
J08,T,1.548487E-12,-7.897284E-11,-7.432738E-11,-7.432738E-11,-6.968191E-11,-6.348796E-11,-5.419705E-11,-6.813343E-11,NMDG60/2,2.099304E+8,NaN
K08,T,-1.223305E-10,-1.316214E-10,-1.192335E-10,-7.897284E-11,-8.361830E-11,-6.503646E-11,-6.813343E-11,-6.813343E-11,NMDG60/2,5.132087E+8,1.414565E-11
L08,T,8.516679E-11,-2.167882E-10,-1.796245E-10,-1.393638E-10,-1.393638E-10,-9.600620E-11,-8.981225E-11,-7.897284E-11,NMDG60/2,8.608288E+7,1.873324E-11
M08,T,-5.140977E-10,-8.206981E-11,-7.432738E-11,-8.052133E-11,-6.503646E-11,-7.432738E-11,-8.206981E-11,-8.671527E-11,NMDG60/2,1.105324E+9,1.633841E-11
N08,T,-5.264856E-11,-5.574553E-11,-4.645461E-11,-2.787277E-11,-8.206981E-11,-4.335764E-11,-7.277889E-11,-8.052133E-11,NMDG60/2,4.284297E+8,8.881933E-12
O08,F,-3.871218E-11,-3.716369E-11,-3.871218E-11,-3.406671E-11,-4.180915E-11,-3.871218E-11,-3.871218E-11,-3.406671E-11,NMDG60/2,1.052912E+8,NaN
P08,F,-2.787277E-11,-1.331699E-10,-1.393638E-10,-1.517517E-10,-1.393638E-10,-1.238790E-10,-1.207820E-10,-1.083941E-10,NMDG60/2,2.530634E+8,NaN
A09,T,-4.026066E-11,-8.361830E-11,-6.658495E-11,-6.039100E-11,-5.110007E-11,-6.193948E-11,-5.729402E-11,-5.574553E-11,NMDG60/2,5.319670E+8,1.000770E-11
B09,T,3.995096E-10,-5.110007E-11,-1.130395E-10,-2.942125E-11,-1.393638E-11,6.503646E-11,7.277889E-11,1.052971E-10,NMDG60/2,4.137015E+7,7.607102E-11
C09,T,1.393638E-11,-8.671527E-11,-8.361830E-11,-7.432738E-11,-7.742435E-11,-6.813343E-11,-6.968191E-11,-6.658495E-11,NMDG60/2,2.883029E+8,2.368051E-12
D09,T,-5.729402E-11,-1.006517E-10,-7.277889E-11,-6.813343E-11,-6.348796E-11,-5.729402E-11,-5.729402E-11,-4.955159E-11,NMDG60/2,7.763130E+8,2.552311E-11
E09,T,-4.645461E-11,-9.445771E-11,-9.755469E-11,-9.600620E-11,-8.052133E-11,-7.897284E-11,-7.742435E-11,-7.432738E-11,NMDG60/2,3.966339E+9,1.224088E-11
F09,T,-2.942125E-11,-3.406671E-11,-4.180915E-11,-3.096974E-11,-3.871218E-11,-2.787277E-11,-3.406671E-11,-3.561520E-11,NMDG60/2,7.319283E+9,1.444079E-11
G09,F,-3.096974E-11,-3.561520E-11,-4.645461E-11,-4.490612E-11,-5.110007E-11,-3.871218E-11,-4.490612E-11,-3.716369E-11,NMDG60/2,9.225324E+8,1.272257E-11
H09,T,-1.393638E-11,-2.632428E-11,-3.406671E-11,-2.477579E-11,-1.858184E-11,-2.013033E-11,-1.858184E-11,-1.083941E-11,NMDG60/2,1.632786E+9,1.206641E-11
I09,T,-1.083941E-11,-1.796245E-10,-8.981225E-11,-5.884251E-11,-5.110007E-11,-4.645461E-11,-3.406671E-11,2.477579E-11,NMDG60/2,8.024861E+8,1.232763E-11
J09,T,-1.083941E-11,-4.026066E-11,-3.406671E-11,-2.632428E-11,-2.322731E-11,-1.703336E-11,-2.477579E-11,-1.393638E-11,NMDG60/2,6.539031E+9,1.771564E-11
K09,T,-2.013033E-11,-4.180915E-11,-4.645461E-11,-4.955159E-11,-4.026066E-11,-3.251823E-11,-3.561520E-11,-3.096974E-11,NMDG60/2,6.064925E+8,8.430232E-12
L09,T,-2.477579E-11,-6.658495E-11,-6.813343E-11,-6.658495E-11,-5.264856E-11,-5.110007E-11,-5.884251E-11,-5.574553E-11,NMDG60/2,2.121205E+8,1.487498E-11
M09,T,-2.167882E-11,-1.548487E-11,-4.490612E-11,-4.490612E-11,-4.490612E-11,-5.110007E-11,-5.264856E-11,-4.180915E-11,NMDG60/2,7.031592E+8,NaN
N09,T,-2.322731E-11,-3.406671E-11,-3.871218E-11,-3.716369E-11,-3.561520E-11,-3.406671E-11,-3.716369E-11,-3.251823E-11,NMDG60/2,2.834523E+9,1.179081E-11
O09,F,-6.348796E-11,-1.280599E-9,-1.388993E-9,-1.443190E-9,-1.347184E-9,-1.258920E-9,-1.181496E-9,-1.080844E-9,NMDG60/2,4.068949E+7,NaN
P09,T,-3.096974E-11,-6.348796E-11,-7.587586E-11,-9.136074E-11,-8.826376E-11,-7.742435E-11,-6.813343E-11,-6.658495E-11,NMDG60/2,8.224154E+8,1.708173E-11
A10,T,-2.942125E-11,-1.037486E-10,-8.671527E-11,-8.361830E-11,-7.897284E-11,-5.729402E-11,-6.193948E-11,-6.039100E-11,NMDG60/2,6.224401E+8,1.123026E-11
B10,F,-3.716369E-11,4.490612E-11,0.000000E+0,3.096974E-12,-1.083941E-11,-1.238790E-11,-1.548487E-12,-1.548487E-12,NMDG60/2,8.303729E+8,1.069551E-11
C10,F,-1.037486E-10,-1.625911E-10,-1.827215E-10,-1.656881E-10,-1.517517E-10,-1.563972E-10,-1.656881E-10,-1.533002E-10,NMDG60/2,3.610890E+8,1.372866E-11
D10,T,-1.548487E-11,-4.955159E-11,-2.167882E-11,-2.787277E-11,-2.942125E-11,-2.013033E-11,-1.858184E-11,-1.703336E-11,NMDG60/2,5.733724E+8,1.058624E-11
E10,T,-2.477579E-11,-3.251823E-11,-2.477579E-11,-2.942125E-11,-2.787277E-11,-2.632428E-11,-2.013033E-11,-2.787277E-11,NMDG60/2,6.040127E+8,3.268350E-12
F10,T,-7.742435E-12,-1.548487E-11,-1.083941E-11,-7.742435E-12,-7.742435E-12,-1.238790E-11,-4.645461E-12,-3.096974E-12,NMDG60/2,5.504117E+8,5.893663E-12
G10,T,-2.942125E-11,-2.942125E-11,-3.716369E-11,-3.096974E-11,-4.026066E-11,-1.858184E-11,-3.251823E-11,-3.716369E-11,NMDG60/2,3.962469E+9,1.023807E-11
H10,T,-3.251823E-11,-2.942125E-11,-3.406671E-11,-2.942125E-11,-2.787277E-11,-2.942125E-11,-3.096974E-11,-3.251823E-11,NMDG60/2,3.222297E+9,1.272978E-11
I10,T,-5.884251E-11,-2.601458E-10,-2.663398E-10,-2.291761E-10,-2.044003E-10,-2.013033E-10,-2.369185E-10,-1.873669E-10,NMDG60/2,4.783829E+8,1.120200E-11
J10,F,-4.955159E-11,-6.348796E-11,-8.671527E-11,-6.503646E-11,-7.897284E-11,-6.503646E-11,-3.716369E-11,-3.406671E-11,NMDG60/2,9.401464E+8,1.468893E-11
K10,T,2.864701E-10,3.004065E-10,2.771792E-10,2.926641E-10,2.849216E-10,2.895671E-10,3.066004E-10,3.220853E-10,NMDG60/2,3.711826E+10,9.173921E-12
L10,T,-5.729402E-11,-4.180915E-11,-6.503646E-11,-5.884251E-11,-7.123040E-11,-6.658495E-11,-6.503646E-11,-6.193948E-11,NMDG60/2,1.425892E+9,8.074128E-12
M10,T,-4.955159E-11,-5.574553E-11,-5.729402E-11,-5.264856E-11,-5.419705E-11,-5.419705E-11,-5.110007E-11,-4.800310E-11,NMDG60/2,5.902236E+8,3.463433E-12
N10,T,1.393638E-11,6.193948E-12,0.000000E+0,1.548487E-12,7.742435E-12,7.742435E-12,1.238790E-11,1.548487E-11,NMDG60/2,8.824315E+8,5.830536E-12
O10,T,-6.193948E-11,-4.645461E-11,-4.335764E-11,-4.490612E-11,-4.026066E-11,-4.026066E-11,-4.490612E-11,-4.645461E-11,NMDG60/2,5.696219E+8,1.862414E-11
P10,T,-4.645461E-12,-4.289309E-10,-3.902187E-10,-2.880186E-10,-2.183367E-10,-1.749790E-10,-1.641396E-10,-1.378153E-10,NMDG60/2,3.081493E+8,3.595708E-11
A11,T,-2.167882E-11,-4.955159E-11,-3.251823E-11,-3.716369E-11,-3.096974E-11,-2.632428E-11,-3.096974E-11,-2.787277E-11,NMDG60/2,1.651109E+9,6.303616E-12
B11,T,-5.264856E-11,-6.813343E-11,-6.503646E-11,-5.729402E-11,-6.968191E-11,-5.110007E-11,-6.658495E-11,-6.503646E-11,NMDG60/2,1.049231E+9,8.864375E-12
C11,T,-6.193948E-12,-3.251823E-11,-5.884251E-11,-4.490612E-11,-6.039100E-11,-4.180915E-11,-5.729402E-11,-5.884251E-11,NMDG60/2,6.283793E+8,1.130490E-11
D11,T,-1.037486E-10,-3.561520E-11,-9.755469E-11,-3.406671E-11,-3.871218E-11,-3.716369E-11,-3.406671E-11,-4.026066E-11,NMDG60/2,2.582838E+9,1.408462E-11
E11,F,-1.610427E-10,-2.152397E-10,-2.260791E-10,-1.811730E-10,-2.121427E-10,-1.951094E-10,-1.858184E-10,-1.873669E-10,NMDG60/2,3.537025E+8,NaN
F11,F,-1.966579E-10,-4.180915E-11,6.503646E-11,-4.645461E-12,1.811730E-10,1.858184E-10,1.672366E-10,2.338215E-10,NMDG60/2,8.376180E+7,1.015125E-11
G11,F,8.826376E-11,1.145880E-10,9.290922E-11,8.671527E-11,9.136074E-11,7.277889E-11,9.290922E-11,3.871218E-11,NMDG60/2,7.745770E+9,1.370165E-11
H11,T,-1.083941E-11,-8.206981E-11,-1.145880E-10,-1.037486E-10,-1.223305E-10,-9.910317E-11,-1.068456E-10,-1.083941E-10,NMDG60/2,3.512992E+8,2.507071E-11
I11,F,-1.548487E-11,-3.716369E-11,-2.942125E-11,-2.632428E-11,-2.632428E-11,-2.013033E-11,-1.858184E-11,-1.548487E-11,NMDG60/2,6.380956E+8,3.163058E-12
J11,T,-2.694368E-10,-3.251823E-10,-3.437641E-10,-3.391186E-10,-3.313762E-10,-3.282792E-10,-3.282792E-10,-3.422156E-10,NMDG60/2,2.109335E+8,5.880845E-12
K11,T,-1.858184E-11,-6.658495E-11,-5.884251E-11,-5.264856E-11,-5.419705E-11,-5.419705E-11,-4.955159E-11,-4.645461E-11,NMDG60/2,3.003391E+8,3.063888E-12
L11,F,4.645461E-11,-3.050520E-10,-2.787277E-10,-2.787277E-10,-2.462094E-10,-2.462094E-10,-2.214336E-10,-2.167882E-10,NMDG60/2,1.169072E+8,1.373459E-11
M11,T,-2.167882E-11,-2.167882E-11,-4.335764E-11,-4.645461E-11,-4.026066E-11,-2.787277E-11,-2.167882E-11,-1.548487E-11,NMDG60/2,5.674982E+8,7.562853E-12
N11,T,-2.477579E-11,-7.123040E-11,-6.968191E-11,-7.123040E-11,-6.503646E-11,-4.490612E-11,-6.813343E-11,-7.432738E-11,NMDG60/2,8.501068E+8,1.012924E-11
O11,T,-3.251823E-11,-3.251823E-11,-2.787277E-11,-3.406671E-11,-3.716369E-11,-2.322731E-11,-3.561520E-11,-3.096974E-11,NMDG60/2,1.227430E+9,1.008328E-11
P11,T,1.548487E-12,-3.716369E-11,-4.026066E-11,-3.096974E-11,-2.942125E-11,-2.013033E-11,-3.561520E-11,-2.322731E-11,NMDG60/2,5.510143E+8,4.556765E-12
A12,T,-5.574553E-11,-6.193948E-11,-8.981225E-11,-9.290922E-11,-9.600620E-11,-7.432738E-11,-7.432738E-11,-8.052133E-11,NMDG60/2,6.208320E+8,1.086225E-11
B12,T,-5.884251E-11,-3.871218E-11,-5.729402E-11,-6.503646E-11,-7.587586E-11,-6.658495E-11,-6.658495E-11,-6.193948E-11,NMDG60/2,6.157128E+8,1.896330E-11
C12,T,-7.277889E-11,-9.910317E-11,-1.006517E-10,-8.206981E-11,-8.206981E-11,-7.432738E-11,-8.671527E-11,-7.742435E-11,NMDG60/2,2.042625E+9,1.325455E-11
D12,T,-7.742435E-11,-1.223305E-10,-1.099426E-10,-1.037486E-10,-1.068456E-10,-1.022001E-10,-9.290922E-11,-9.910317E-11,NMDG60/2,7.051852E+8,1.480857E-11
E12,T,-7.742435E-12,-2.787277E-11,-2.477579E-11,-1.238790E-11,-1.393638E-11,-1.548487E-12,-3.096974E-12,3.096974E-12,NMDG60/2,7.998831E+8,1.307190E-11
F12,T,-4.645461E-12,-6.968191E-11,-6.813343E-11,-6.813343E-11,-7.123040E-11,-6.193948E-11,-6.348796E-11,-6.193948E-11,NMDG60/2,1.896044E+8,4.461628E-12
G12,T,-4.026066E-11,-4.955159E-11,-3.561520E-11,-4.180915E-11,-5.264856E-11,-4.490612E-11,-4.955159E-11,-3.871218E-11,NMDG60/2,2.031588E+9,NaN
H12,T,3.561520E-10,2.462094E-10,2.322731E-10,2.353700E-10,2.338215E-10,2.307246E-10,2.353700E-10,2.369185E-10,NMDG60/2,8.863331E+6,NaN
I12,T,-1.858184E-11,-2.322731E-11,-2.013033E-11,-2.167882E-11,-2.167882E-11,-2.167882E-11,-1.703336E-11,-1.703336E-11,NMDG60/2,1.833721E+9,1.149664E-11
J12,T,-6.193948E-12,-2.787277E-11,-2.322731E-11,-2.322731E-11,-1.703336E-11,-1.238790E-11,-1.858184E-11,-1.238790E-11,NMDG60/2,5.820678E+8,8.336680E-12
K12,T,4.645461E-12,-8.052133E-11,-6.813343E-11,-4.490612E-11,-7.432738E-11,-5.110007E-11,-6.968191E-11,-7.123040E-11,NMDG60/2,4.069773E+8,1.059639E-11
L12,T,-5.884251E-11,-6.039100E-11,-5.884251E-11,-6.193948E-11,-6.193948E-11,-5.884251E-11,-6.039100E-11,-5.729402E-11,NMDG60/2,3.113585E+9,5.075422E-12
M12,T,-3.871218E-11,-5.419705E-11,-6.658495E-11,-6.193948E-11,-7.587586E-11,-6.503646E-11,-6.348796E-11,-4.645461E-11,NMDG60/2,1.591697E+9,1.981902E-11
N12,T,-2.477579E-11,-3.561520E-11,-4.645461E-11,-3.251823E-11,-3.871218E-11,-3.561520E-11,-3.096974E-11,-3.406671E-11,NMDG60/2,4.886686E+8,4.906921E-12
O12,T,-6.503646E-11,-5.729402E-11,-6.658495E-11,-5.419705E-11,-6.193948E-11,-5.884251E-11,-6.039100E-11,-5.110007E-11,NMDG60/2,7.161772E+8,2.422801E-11
P12,T,6.039100E-11,5.419705E-11,4.026066E-11,3.096974E-11,1.858184E-11,1.548487E-11,2.787277E-11,1.238790E-11,NMDG60/2,9.809859E+9,NaN
A13,T,-1.440093E-10,-8.671527E-11,-6.193948E-11,-4.645461E-11,-6.658495E-11,-4.800310E-11,-6.039100E-11,-5.110007E-11,NMDG60/2,3.637192E+8,7.877256E-12
B13,T,-3.561520E-10,-2.105942E-10,-1.316214E-10,-1.749790E-10,-2.152397E-10,-2.524034E-10,-2.880186E-10,-3.143429E-10,NMDG60/2,1.018799E+9,1.918038E-11
C13,T,-3.917672E-10,-1.858184E-11,-2.787277E-11,-1.083941E-11,-2.322731E-11,-9.290922E-12,-3.251823E-11,-2.013033E-11,NMDG60/2,1.266156E+9,1.369814E-11
D13,T,4.180915E-11,-4.026066E-11,-7.742435E-11,-6.968191E-11,-6.193948E-11,-6.193948E-11,-5.264856E-11,-5.574553E-11,NMDG60/2,1.242192E+8,5.371330E-11
E13,T,-7.123040E-11,-3.716369E-11,-6.039100E-11,-6.813343E-11,-7.742435E-11,-5.419705E-11,-7.277889E-11,-7.277889E-11,NMDG60/2,1.380077E+9,1.166290E-11
F13,T,-7.618556E-10,-6.039100E-11,-1.176850E-10,-1.997548E-10,-2.508549E-10,-2.849216E-10,-3.313762E-10,-3.824763E-10,NMDG60/2,1.773558E+9,1.394653E-11
G13,T,-3.499581E-10,-4.955159E-11,-8.826376E-11,-1.161365E-10,-1.594942E-10,-1.703336E-10,-2.152397E-10,-2.198852E-10,NMDG60/2,1.462170E+9,1.498576E-11
H13,T,-5.791341E-10,-5.110007E-11,-1.052971E-10,-1.548487E-10,-2.105942E-10,-2.740822E-10,-2.880186E-10,-3.499581E-10,NMDG60/2,2.017658E+9,6.223333E-12
I13,T,-2.570489E-10,-7.587586E-11,-9.136074E-11,-1.083941E-10,-1.037486E-10,-1.130395E-10,-1.238790E-10,-1.424608E-10,NMDG60/2,7.778893E+8,1.090402E-11
J13,T,-4.382218E-10,-1.207820E-10,-1.192335E-10,-1.130395E-10,-1.347184E-10,-1.749790E-10,-1.935609E-10,-2.307246E-10,NMDG60/2,4.283479E+10,1.065652E-11
K13,T,-1.780760E-10,-1.610427E-10,-1.068456E-10,-8.516679E-11,-8.826376E-11,-8.052133E-11,-1.022001E-10,-1.083941E-10,NMDG60/2,7.314066E+8,1.070099E-11
L13,T,-4.691916E-10,-1.811730E-10,-2.183367E-10,-2.756307E-10,-3.004065E-10,-3.050520E-10,-3.251823E-10,-3.220853E-10,NMDG60/2,2.541840E+8,1.398791E-11
M13,F,-1.052971E-10,6.348796E-11,6.348796E-11,6.658495E-11,-1.068456E-10,6.193948E-11,-1.083941E-10,-1.006517E-10,NMDG60/2,NaN,NaN
N13,T,-6.673979E-10,-5.048068E-10,-4.629976E-10,-4.165430E-10,-3.871218E-10,-3.871218E-10,-3.499581E-10,-3.158914E-10,NMDG60/2,1.070745E+9,6.392380E-12
O13,T,-3.995096E-10,5.264856E-11,7.897284E-11,5.419705E-11,3.096974E-12,-2.322731E-11,-6.193948E-11,-9.755469E-11,NMDG60/2,7.443365E+8,1.106233E-11
P13,T,-7.308859E-10,-6.193948E-10,-6.116524E-10,-5.946190E-10,-7.928254E-10,-5.667463E-10,-7.881799E-10,-7.680496E-10,NMDG60/2,6.347756E+6,NaN
A14,T,-7.866314E-10,-7.277889E-11,-1.099426E-10,-2.059488E-10,-2.508549E-10,-3.205368E-10,-3.809278E-10,-4.320279E-10,NMDG60/2,7.880338E+8,8.601108E-12
B14,T,-2.632428E-11,-1.533002E-10,-1.409123E-10,-1.300729E-10,-1.269759E-10,-1.176850E-10,-1.223305E-10,-1.176850E-10,NMDG60/2,1.273254E+8,1.239710E-11
C14,T,-1.889154E-10,-5.110007E-11,-7.432738E-11,-1.083941E-10,-1.192335E-10,-1.285244E-10,-1.223305E-10,-1.517517E-10,NMDG60/2,1.144713E+9,9.237811E-12
D14,T,-1.176850E-10,-7.742435E-12,-7.742435E-12,-7.742435E-12,-2.013033E-11,-2.322731E-11,-3.251823E-11,-2.477579E-11,NMDG60/2,9.404599E+8,4.277779E-12
E14,T,-1.292987E-9,-1.486548E-10,-2.152397E-10,-3.731854E-10,-4.629976E-10,-5.481644E-10,-6.673979E-10,-7.649526E-10,NMDG60/2,9.752481E+8,2.023915E-11
F14,T,-2.725337E-10,-1.161365E-10,-1.238790E-10,-1.192335E-10,-1.223305E-10,-1.300729E-10,-1.300729E-10,-1.285244E-10,NMDG60/2,6.126272E+8,4.665658E-12
G14,T,-2.911156E-10,-6.968191E-11,-9.136074E-11,-8.516679E-11,-1.068456E-10,-1.083941E-10,-1.347184E-10,-1.455578E-10,NMDG60/2,1.453548E+9,7.088278E-12
H14,T,-5.543583E-10,-4.335764E-11,-6.658495E-11,-1.223305E-10,-1.563972E-10,-1.889154E-10,-2.013033E-10,-2.446610E-10,NMDG60/2,1.017028E+9,1.591248E-11
I14,T,-7.897284E-11,1.083941E-11,-1.548487E-12,-3.096974E-12,9.290922E-12,4.645461E-12,-4.645461E-12,1.548487E-12,NMDG60/2,5.419231E+8,4.451136E-12
J14,T,-1.687851E-10,-4.645461E-11,-5.110007E-11,-4.955159E-11,-5.884251E-11,-5.884251E-11,-6.968191E-11,-6.348796E-11,NMDG60/2,4.883725E+8,3.799208E-12
K14,F,-2.988580E-10,-5.110007E-10,-4.088006E-10,-4.088006E-10,-3.995096E-10,-3.855733E-10,-4.196400E-10,-4.165430E-10,NMDG60/2,2.218904E+8,1.502408E-11
L14,F,-5.110007E-11,-5.110007E-11,-6.503646E-11,-6.039100E-11,-6.503646E-11,-5.729402E-11,-4.955159E-11,-5.419705E-11,NMDG60/2,NaN,NaN
M14,T,-1.052971E-10,-1.982063E-10,-1.966579E-10,-1.811730E-10,-1.656881E-10,-1.672366E-10,-1.641396E-10,-1.610427E-10,NMDG60/2,7.744330E+7,NaN
N14,T,-4.769340E-10,3.096974E-11,-6.348796E-11,-1.068456E-10,-1.935609E-10,-2.446610E-10,-2.400155E-10,-3.004065E-10,NMDG60/2,1.626377E+9,1.333654E-11
O14,F,-7.572102E-10,-5.419705E-10,-5.559068E-10,-5.713917E-10,-7.912769E-10,-5.946190E-10,-8.005678E-10,-8.268921E-10,NMDG60/2,4.304941E+8,1.563948E-11
P14,F,-2.028518E-10,-2.074973E-10,-2.074973E-10,-1.904639E-10,-2.105942E-10,-2.059488E-10,-2.059488E-10,-1.935609E-10,NMDG60/2,NaN,NaN
A15,T,-3.406672E-10,-9.910317E-11,-1.037486E-10,-1.052971E-10,-1.083941E-10,-1.130395E-10,-1.331699E-10,-1.703336E-10,NMDG60/2,6.402324E+8,1.469545E-11
B15,T,-1.811730E-10,-6.193948E-11,-6.348796E-11,-5.574553E-11,-1.006517E-10,-8.826376E-11,-1.037486E-10,-1.006517E-10,NMDG60/2,9.128536E+8,5.750319E-12
C15,T,-1.796245E-10,-1.083941E-10,-6.193948E-11,-5.574553E-11,-1.130395E-10,-5.884251E-11,-6.039100E-11,-1.517517E-10,NMDG60/2,7.922511E+8,1.510977E-11
D15,T,-9.600620E-11,-1.997548E-10,-1.517517E-10,-1.409123E-10,-1.920124E-10,-1.285244E-10,-2.028518E-10,-2.090458E-10,NMDG60/2,4.131048E+8,6.902183E-12
E15,T,-6.193948E-11,-4.180915E-11,-4.645461E-11,-4.026066E-11,-3.561520E-11,-3.251823E-11,-4.026066E-11,-3.716369E-11,NMDG60/2,1.468940E+9,8.636133E-12
F15,T,-1.052971E-10,-8.516679E-11,-1.052971E-10,-8.981225E-11,-8.981225E-11,-9.290922E-11,-8.981225E-11,-9.445771E-11,NMDG60/2,5.270606E+8,7.313367E-12
G15,T,-2.942125E-10,-4.800310E-11,-5.264856E-11,-5.419705E-11,-7.123040E-11,-7.897284E-11,-8.671527E-11,-1.022001E-10,NMDG60/2,9.694674E+8,4.829318E-12
H15,T,-5.466159E-10,-5.110007E-11,-9.755469E-11,-1.533002E-10,-1.780760E-10,-2.198852E-10,-2.493064E-10,-2.740822E-10,NMDG60/2,1.098328E+9,1.236148E-11
I15,T,4.568037E-10,3.995096E-10,3.468611E-10,3.406672E-10,3.437641E-10,3.329247E-10,3.251823E-10,3.344732E-10,NMDG60/2,6.469831E+6,NaN
J15,T,-4.800310E-11,1.548487E-12,-2.787277E-11,-6.968191E-11,-1.176850E-10,-7.432738E-11,-1.022001E-10,-9.755469E-11,NMDG60/2,3.287626E+8,9.108020E-12
K15,T,-3.824763E-10,-5.264856E-11,-7.123040E-11,-1.068456E-10,-1.114911E-10,-1.409123E-10,-1.672366E-10,-1.796245E-10,NMDG60/2,8.530411E+8,7.137816E-12
L15,F,-1.347184E-10,-1.858184E-10,-1.749790E-10,-1.982063E-10,-2.260791E-10,-1.997548E-10,-2.338215E-10,-1.997548E-10,NMDG60/2,1.628657E+8,1.832738E-11
M15,T,-1.347184E-10,-7.123040E-11,-6.503646E-11,-6.658495E-11,-8.361830E-11,-8.516679E-11,-7.742435E-11,-9.136074E-11,NMDG60/2,1.662824E+9,9.618506E-12
N15,T,-1.207820E-10,-2.431125E-10,-1.579457E-10,-1.114911E-10,-9.755469E-11,-8.361830E-11,-9.600620E-11,-9.910317E-11,NMDG60/2,1.151835E+9,2.726845E-11
O15,T,-3.716369E-10,-2.090458E-10,-2.152397E-10,-1.951094E-10,-2.864701E-10,-1.982063E-10,-2.601458E-10,-2.462094E-10,NMDG60/2,7.090984E+8,1.431324E-11
P15,F,-4.335764E-11,-2.942125E-11,-5.729402E-11,-8.206981E-11,-1.254274E-10,-1.022001E-10,-1.037486E-10,-1.022001E-10,NMDG60/2,3.083087E+9,NaN
A16,T,-7.154010E-10,-1.192335E-10,-1.827215E-10,-2.771792E-10,-3.793793E-10,-4.196400E-10,-4.614491E-10,-4.707401E-10,NMDG60/2,1.065341E+9,1.892414E-11
B16,T,-8.377315E-10,-8.206981E-11,-1.502032E-10,-2.400155E-10,-3.127944E-10,-3.917672E-10,-4.304794E-10,-4.924189E-10,NMDG60/2,6.324500E+8,1.035976E-11
C16,T,-5.125492E-10,-5.884251E-11,-8.981225E-11,-1.672366E-10,-1.780760E-10,-1.920124E-10,-2.183367E-10,-2.245306E-10,NMDG60/2,1.205969E+9,1.466179E-11
D16,T,-1.176850E-10,-8.826376E-11,-8.981225E-11,-7.897284E-11,-1.022001E-10,-7.742435E-11,-1.052971E-10,-8.981225E-11,NMDG60/2,9.034240E+8,1.590102E-11
E16,T,-1.436996E-9,-9.445771E-11,-2.338215E-10,-3.886702E-10,-5.357765E-10,-6.426221E-10,-7.030131E-10,-8.315376E-10,NMDG60/2,6.873838E+8,1.898514E-11
F16,T,-5.466159E-10,-2.942125E-11,-4.955159E-11,-7.123040E-11,-1.052971E-10,-1.378153E-10,-2.152397E-10,-2.384670E-10,NMDG60/2,7.890255E+8,1.133866E-11
G16,T,-6.503646E-11,-3.716369E-11,-4.026066E-11,-4.026066E-11,-4.955159E-11,-4.490612E-11,-4.026066E-11,-4.180915E-11,NMDG60/2,2.851395E+10,3.960407E-12
H16,T,-9.709014E-10,-3.406671E-11,-9.755469E-11,-1.672366E-10,-2.291761E-10,-2.740822E-10,-3.344732E-10,-3.669914E-10,NMDG60/2,8.251520E+8,4.788947E-12
I16,T,-3.453126E-10,-1.052971E-10,-8.516679E-11,-1.083941E-10,-1.238790E-10,-1.548487E-10,-1.842700E-10,-1.858184E-10,NMDG60/2,4.503027E+8,6.829253E-12
J16,T,4.986128E-10,5.032583E-10,4.784825E-10,4.676431E-10,4.676431E-10,4.722885E-10,4.769340E-10,4.753855E-10,NMDG60/2,6.759690E+6,NaN
K16,T,-1.161365E-10,-3.406671E-11,-4.335764E-11,-5.110007E-11,-4.645461E-11,-5.110007E-11,-4.335764E-11,-4.955159E-11,NMDG60/2,7.649283E+8,3.407325E-12
L16,T,-9.879347E-10,-9.755469E-11,-9.290922E-11,-8.981225E-11,-1.083941E-10,-8.981225E-11,-1.083941E-10,-1.176850E-10,NMDG60/2,3.856644E+8,3.788938E-12
M16,F,-6.813343E-11,-9.600620E-11,-1.192335E-10,-1.052971E-10,-1.083941E-10,-1.114911E-10,-8.981225E-11,-9.290922E-11,NMDG60/2,5.754758E+8,2.097918E-11
N16,T,-2.477579E-10,-3.251823E-11,-3.871218E-11,-5.884251E-11,-6.348796E-11,-7.742435E-11,-1.068456E-10,-1.223305E-10,NMDG60/2,6.932332E+8,9.512398E-12
O16,F,-1.656881E-10,8.052133E-11,2.942125E-11,9.600620E-11,7.587586E-11,8.981225E-11,6.116524E-10,6.766888E-10,NMDG60/2,9.014812E+7,NaN
P16,T,-1.269759E-10,-3.158914E-10,-2.942125E-10,-2.570489E-10,-2.446610E-10,-2.384670E-10,-2.601458E-10,-2.601458E-10,NMDG60/2,2.336013E+8,9.749853E-12
A17,T,-3.035034E-10,-9.910317E-11,-1.022001E-10,-1.424608E-10,-1.486548E-10,-1.842700E-10,-1.982063E-10,-2.322731E-10,NMDG60/2,4.415798E+8,1.008785E-11
B17,T,-1.944900E-9,-2.353700E-10,-8.330860E-10,-1.252726E-9,-1.438545E-9,-1.577908E-9,-1.673914E-9,-1.746693E-9,NMDG60/2,1.482317E+9,1.013448E-11
C17,T,-3.067553E-9,-1.238790E-10,-5.651978E-10,-1.090135E-9,-1.423060E-9,-1.777663E-9,-1.974321E-9,-2.138461E-9,NMDG60/2,2.640272E+10,3.171914E-11
D17,T,-4.397703E-10,-1.455578E-10,-1.130395E-10,-8.206981E-11,-8.981225E-11,-8.826376E-11,-1.052971E-10,-1.362669E-10,NMDG60/2,5.224964E+8,9.188057E-12
E17,T,-1.782309E-9,-1.300729E-10,-4.304794E-10,-6.859798E-10,-9.136074E-10,-1.029744E-9,-1.159817E-9,-1.223305E-9,NMDG60/2,7.964019E+8,1.775835E-11
F17,T,-3.406671E-11,-7.123040E-11,-7.897284E-11,-6.968191E-11,-7.897284E-11,-6.813343E-11,-6.658495E-11,-6.503646E-11,NMDG60/2,1.662685E+8,NaN
G17,T,-4.227370E-10,-5.419705E-11,-6.193948E-11,-8.671527E-11,-1.022001E-10,-1.285244E-10,-1.502032E-10,-1.749790E-10,NMDG60/2,9.150340E+8,4.130312E-12
H17,T,-1.536099E-9,-1.378153E-10,-2.880186E-10,-4.568037E-10,-6.364282E-10,-7.850829E-10,-8.934770E-10,-9.290922E-10,NMDG60/2,3.684211E+9,1.480026E-11
I17,T,-2.647913E-10,-6.968191E-11,-6.503646E-11,-7.277889E-11,-8.516679E-11,-8.981225E-11,-9.290922E-11,-1.068456E-10,NMDG60/2,5.184722E+8,1.486538E-11
J17,T,-1.471063E-9,-6.348796E-11,-1.192335E-10,-1.749790E-10,-2.632428E-10,-3.530550E-10,-4.242854E-10,-4.877734E-10,NMDG60/2,7.751571E+8,1.004024E-11
K17,T,-6.968191E-11,-3.251823E-11,-3.561520E-11,-3.406671E-11,-3.561520E-11,-3.406671E-11,-4.026066E-11,-3.406671E-11,NMDG60/2,1.015438E+9,3.582175E-12
L17,T,-5.806826E-10,-5.729402E-11,-7.587586E-11,-1.223305E-10,-1.548487E-10,-2.214336E-10,-2.214336E-10,-2.601458E-10,NMDG60/2,5.451731E+8,6.110693E-12
M17,F,3.251823E-11,1.238790E-11,-1.083941E-11,-4.645461E-12,-1.393638E-11,-2.477579E-11,-2.942125E-11,-1.083941E-11,NMDG60/2,5.375158E+7,2.061211E-11
N17,T,-1.999097E-9,-9.755469E-11,-4.320279E-10,-7.030131E-10,-9.445771E-10,-1.111814E-9,-1.266662E-9,-1.356475E-9,NMDG60/2,2.431580E+9,1.109651E-11
O17,T,-2.796568E-9,-1.811730E-10,-3.762823E-10,-5.961675E-10,-7.649526E-10,-9.228983E-10,-1.077747E-9,-1.141235E-9,NMDG60/2,6.483443E+8,1.182146E-11
P17,F,8.361830E-11,1.145880E-10,1.347184E-10,1.563972E-10,1.656881E-10,1.966579E-10,2.121427E-10,2.013033E-10,NMDG60/2,2.360227E+9,NaN
A18,T,-4.911801E-9,-3.329247E-10,-2.181818E-9,-3.312214E-9,-3.844893E-9,-4.145300E-9,-4.321827E-9,-4.450352E-9,NMDG60/2,1.552840E+9,2.742816E-11
B18,T,-6.766888E-10,-4.800310E-11,-1.145880E-10,-1.718821E-10,-2.136912E-10,-3.158914E-10,-3.375702E-10,-3.592490E-10,NMDG60/2,1.600606E+9,1.137742E-11
C18,T,-2.078069E-9,-1.068456E-10,-4.722885E-10,-7.804375E-10,-1.043680E-9,-1.248081E-9,-1.362669E-9,-1.480354E-9,NMDG60/2,5.166070E+8,1.467576E-11
D18,T,-1.147429E-9,-6.968191E-11,-1.548487E-10,-2.973095E-10,-3.933157E-10,-4.475127E-10,-5.171947E-10,-6.023614E-10,NMDG60/2,8.210477E+8,1.079029E-11
E18,T,-4.800310E-11,-4.955159E-11,-5.574553E-11,-4.645461E-11,-4.800310E-11,-4.180915E-11,-4.335764E-11,-4.645461E-11,NMDG60/2,1.681604E+9,6.729354E-12
F18,F,-2.322731E-11,-1.563972E-10,-1.502032E-10,-1.145880E-10,-7.742435E-11,-8.516679E-11,-4.800310E-11,-4.180915E-11,NMDG60/2,4.771045E+8,1.719241E-11
G18,F,6.193948E-12,-9.755469E-11,-2.787277E-11,-7.742435E-12,-4.645461E-12,-7.742435E-12,7.742435E-12,0.000000E+0,NMDG60/2,1.943767E+9,1.037680E-11
H18,F,2.167882E-11,-3.096974E-10,-2.802762E-10,-2.044003E-10,-1.145880E-10,-7.897284E-11,-6.348796E-11,-3.406671E-11,NMDG60/2,1.274155E+8,1.213823E-11
I18,T,-8.516679E-11,-6.348796E-11,-1.052971E-10,-1.269759E-10,-1.424608E-10,-1.393638E-10,-1.563972E-10,-1.656881E-10,NMDG60/2,1.597521E+8,NaN
J18,T,-1.364217E-9,-8.052133E-11,-1.982063E-10,-3.236338E-10,-4.242854E-10,-5.280341E-10,-6.070069E-10,-6.488161E-10,NMDG60/2,8.974800E+8,1.045213E-11
K18,T,3.577005E-10,3.019550E-10,2.833731E-10,2.818246E-10,2.771792E-10,2.740822E-10,2.725337E-10,2.802762E-10,NMDG60/2,8.015088E+6,NaN
L18,T,-2.516291E-9,-1.254274E-10,-3.886702E-10,-7.061101E-10,-9.616105E-10,-1.184593E-9,-1.359572E-9,-1.484999E-9,NMDG60/2,1.490080E+9,1.515502E-11
M18,F,-2.632428E-11,-1.378153E-10,-1.161365E-10,-1.052971E-10,-8.361830E-11,-7.123040E-11,-5.729402E-11,-3.406671E-11,NMDG60/2,4.079110E+8,4.419457E-12
N18,T,-9.600620E-11,-2.787277E-11,-4.800310E-11,-4.645461E-11,-6.813343E-11,-7.277889E-11,-5.574553E-11,-5.574553E-11,NMDG60/2,2.133596E+9,1.300078E-11
O18,T,4.490612E-11,-8.052133E-11,-5.264856E-11,-4.800310E-11,-4.335764E-11,-4.335764E-11,-4.180915E-11,-2.167882E-11,NMDG60/2,1.392739E+8,6.300126E-11
P18,T,-2.555004E-10,-3.778308E-10,-2.988580E-10,-2.555004E-10,-2.136912E-10,-1.842700E-10,-1.811730E-10,-1.625911E-10,NMDG60/2,1.142885E+8,9.241739E-12
A19,T,-3.826311E-9,-1.951094E-10,-8.439254E-10,-1.489645E-9,-1.954191E-9,-2.381573E-9,-2.658752E-9,-2.816698E-9,NMDG60/2,1.547399E+9,1.883609E-11
B19,T,-8.516679E-11,-5.264856E-11,-6.039100E-11,-5.264856E-11,-1.006517E-10,-5.574553E-11,-1.068456E-10,-8.826376E-11,NMDG60/2,3.525274E+8,1.142909E-11
C19,T,-2.017679E-9,-5.110007E-11,-2.044003E-10,-3.313762E-10,-4.955159E-10,-6.271372E-10,-7.990193E-10,-8.594103E-10,NMDG60/2,7.563690E+8,1.203554E-11
D19,T,-9.306407E-10,-7.742435E-11,-1.223305E-10,-2.013033E-10,-2.973095E-10,-3.716369E-10,-4.335764E-10,-4.970643E-10,NMDG60/2,4.428189E+8,1.061630E-11
E19,T,-1.114911E-10,-5.110007E-11,-8.516679E-11,-8.516679E-11,-9.290922E-11,-1.006517E-10,-1.068456E-10,-1.006517E-10,NMDG60/2,5.461946E+8,6.313193E-12
F19,T,-2.471385E-9,-1.347184E-10,-5.094523E-10,-9.012194E-10,-1.179947E-9,-1.359572E-9,-1.543842E-9,-1.711078E-9,NMDG60/2,4.424426E+9,1.962765E-11
G19,T,-3.561520E-11,-1.610427E-10,-1.533002E-10,-1.563972E-10,-1.533002E-10,-1.362669E-10,-1.471063E-10,-9.120589E-10,NMDG60/2,2.099072E+8,5.873863E-12
H19,T,-4.095748E-9,-2.415640E-10,-1.045229E-9,-1.677011E-9,-2.243758E-9,-2.643267E-9,-2.887928E-9,-3.048971E-9,NMDG60/2,1.223361E+9,1.425149E-11
I19,T,-1.392090E-9,-7.742435E-11,-2.431125E-10,-3.886702E-10,-5.218401E-10,-6.441706E-10,-7.742435E-10,-8.423769E-10,NMDG60/2,2.034438E+9,8.770277E-12
J19,T,-1.348732E-9,-1.037486E-10,-1.533002E-10,-2.338215E-10,-3.035034E-10,-3.995096E-10,-4.351249E-10,-5.528099E-10,NMDG60/2,4.189587E+8,8.994855E-12
K19,T,-2.322731E-11,-1.687851E-10,-1.594942E-10,-1.502032E-10,-1.378153E-10,-1.316214E-10,-1.269759E-10,-1.207820E-10,NMDG60/2,6.632159E+8,2.298605E-11
L19,T,-1.124202E-9,-9.290922E-11,-1.594942E-10,-2.555004E-10,-3.344732E-10,-4.118975E-10,-4.769340E-10,-5.528099E-10,NMDG60/2,3.695657E+8,5.532118E-12
M19,F,-7.742435E-12,-1.083941E-11,-2.942125E-11,-2.322731E-11,-2.477579E-11,-3.096974E-11,-2.632428E-11,-4.645461E-12,NMDG60/2,3.361848E+8,2.246787E-12
N19,T,-2.013033E-10,5.110007E-11,2.167882E-11,3.251823E-11,2.322731E-11,3.406671E-11,4.180915E-11,4.335764E-11,NMDG60/2,5.293820E+8,7.189527E-12
O19,T,-8.222466E-10,2.942125E-11,2.477579E-11,2.632428E-11,9.290922E-12,-1.083941E-11,-2.013033E-11,-2.477579E-11,NMDG60/2,1.469120E+10,1.242465E-11
P19,F,1.130395E-10,-4.335764E-11,-1.610427E-10,-2.307246E-10,-2.833731E-10,-3.484096E-10,-3.979612E-10,-4.475127E-10,NMDG60/2,2.061971E+9,NaN
A20,T,-2.059488E-10,-7.432738E-11,-8.826376E-11,-7.742435E-11,-8.671527E-11,-8.516679E-11,-8.981225E-11,-8.361830E-11,NMDG60/2,1.931845E+9,3.282763E-12
B20,T,-3.135686E-9,-1.548487E-10,-5.419705E-10,-1.042132E-9,-1.393638E-9,-1.690948E-9,-1.893800E-9,-2.098200E-9,NMDG60/2,1.089007E+9,1.957840E-11
C20,T,-1.303826E-9,-8.361830E-11,-1.440093E-10,-2.307246E-10,-3.220853E-10,-3.917672E-10,-4.784825E-10,-5.295825E-10,NMDG60/2,5.932956E+8,1.106013E-11
D20,T,-2.760952E-9,-1.734305E-10,-5.140977E-10,-9.027679E-10,-1.252726E-9,-1.455578E-9,-1.619717E-9,-1.799342E-9,NMDG60/2,5.564930E+8,1.304716E-11
E20,T,-1.083941E-10,-2.942125E-11,-7.432738E-11,-6.348796E-11,-6.348796E-11,-5.419705E-11,-6.039100E-11,-6.503646E-11,NMDG60/2,6.984413E+8,1.268291E-11
F20,T,-6.070069E-10,-3.096974E-11,-1.594942E-10,-2.555004E-10,-3.189883E-10,-3.840248E-10,-4.041551E-10,-4.320279E-10,NMDG60/2,1.401408E+9,1.266154E-11
G20,T,-1.246532E-9,-6.503646E-11,-1.176850E-10,-1.517517E-10,-2.198852E-10,-2.771792E-10,-3.484096E-10,-3.778308E-10,NMDG60/2,3.054932E+8,1.050897E-11
H20,T,3.716369E-11,4.490612E-11,1.858184E-11,2.322731E-11,9.290922E-12,2.632428E-11,1.083941E-11,2.322731E-11,NMDG60/2,9.202180E+8,9.658285E-12
I20,T,-1.159817E-9,-1.563972E-10,-3.298277E-10,-5.156462E-10,-6.410736E-10,-7.355314E-10,-7.990193E-10,-8.841861E-10,NMDG60/2,4.080836E+8,6.068864E-12
J20,T,-5.590038E-10,-4.955159E-11,-5.884251E-11,-6.348796E-11,-7.123040E-11,-9.136074E-11,-1.037486E-10,-1.393638E-10,NMDG60/2,1.040437E+9,4.029321E-12
K20,T,-8.129557E-10,-6.968191E-11,-1.780760E-10,-2.585973E-10,-3.607975E-10,-3.979612E-10,-4.459643E-10,-4.924189E-10,NMDG60/2,1.044912E+9,8.148925E-12
L20,T,-1.042132E-9,-1.347184E-10,-2.555004E-10,-3.484096E-10,-4.211885E-10,-4.986128E-10,-5.884251E-10,-6.457191E-10,NMDG60/2,1.024973E+9,7.282177E-12
M20,T,4.289309E-10,4.242854E-10,3.979612E-10,4.026066E-10,3.933157E-10,4.103491E-10,3.917672E-10,3.979612E-10,NMDG60/2,5.742130E+6,NaN
N20,T,8.516679E-11,-2.864701E-10,-2.771792E-10,-2.694368E-10,-2.431125E-10,-2.245306E-10,-2.090458E-10,-1.920124E-10,NMDG60/2,2.901386E+7,1.000000E-12
O20,T,4.645461E-11,9.290922E-12,4.645461E-12,9.290922E-12,7.742435E-12,1.703336E-11,2.477579E-11,1.703336E-11,NMDG60/2,4.123038E+8,2.312467E-12
P20,T,1.238790E-10,-9.290922E-12,2.322731E-11,4.645461E-11,8.052133E-11,1.068456E-10,1.300729E-10,1.533002E-10,NMDG60/2,1.515745E+7,NaN
A21,T,-7.897284E-11,-2.756307E-10,-3.127944E-10,-2.539519E-10,-2.245306E-10,-1.982063E-10,-1.656881E-10,-1.533002E-10,NMDG60/2,4.815922E+8,9.916203E-12
B21,T,-4.180915E-11,-9.910317E-11,-8.361830E-11,-8.516679E-11,-8.516679E-11,-7.123040E-11,-7.742435E-11,-7.897284E-11,NMDG60/2,8.554630E+8,7.394706E-12
C21,T,-1.145880E-10,-1.300729E-10,-1.563972E-10,-1.393638E-10,-1.548487E-10,-1.347184E-10,-1.502032E-10,-1.424608E-10,NMDG60/2,9.507856E+8,1.224048E-11
D21,T,-2.477579E-11,-4.180915E-11,-5.419705E-11,-5.729402E-11,-5.729402E-11,-5.884251E-11,-4.955159E-11,-5.729402E-11,NMDG60/2,7.707960E+8,1.625683E-11
E21,T,-6.813343E-11,-1.610427E-10,-1.641396E-10,-1.641396E-10,-1.641396E-10,-1.563972E-10,-1.517517E-10,-1.656881E-10,NMDG60/2,2.468461E+8,NaN
F21,T,-4.335764E-11,-5.110007E-11,-7.432738E-11,-8.361830E-11,-8.052133E-11,-6.658495E-11,-7.123040E-11,-6.348796E-11,NMDG60/2,1.131750E+9,1.836978E-11
G21,T,2.539519E-10,2.214336E-10,2.183367E-10,2.214336E-10,2.214336E-10,2.214336E-10,2.229821E-10,2.245306E-10,NMDG60/2,5.909330E+6,NaN
H21,T,1.703336E-11,1.548487E-12,1.548487E-12,1.548487E-12,4.645461E-12,9.290922E-12,1.083941E-11,7.742435E-12,NMDG60/2,9.033609E+8,NaN
I21,T,4.645461E-12,-3.561520E-11,-3.406671E-11,-3.561520E-11,-3.561520E-11,-3.871218E-11,-2.942125E-11,-3.561520E-11,NMDG60/2,4.597756E+8,3.147023E-12
J21,T,-8.671527E-11,-3.716369E-11,-2.787277E-11,-2.787277E-11,-2.167882E-11,-2.013033E-11,-2.013033E-11,-2.322731E-11,NMDG60/2,9.709574E+8,4.460573E-12
K21,T,-3.096974E-12,9.755469E-11,5.110007E-11,6.658495E-11,7.742435E-11,9.290922E-11,6.813343E-11,6.503646E-11,NMDG60/2,5.505537E+8,1.719160E-11
L21,T,-6.039100E-11,2.013033E-11,-3.096974E-12,1.548487E-11,7.123040E-11,6.968191E-11,3.251823E-11,6.658495E-11,NMDG60/2,5.894591E+8,4.896380E-12
M21,T,-2.942125E-11,-4.180915E-11,-4.335764E-11,-5.729402E-11,-6.658495E-11,-3.561520E-11,-5.419705E-11,-5.110007E-11,NMDG60/2,6.282471E+8,6.612849E-12
N21,T,-6.968191E-11,-5.729402E-11,-7.897284E-11,-6.968191E-11,-9.136074E-11,-6.658495E-11,-8.361830E-11,-8.052133E-11,NMDG60/2,1.113361E+9,1.783146E-11
O21,T,-7.742435E-12,-3.251823E-11,-4.180915E-11,-5.264856E-11,-5.729402E-11,-4.490612E-11,-6.039100E-11,-6.193948E-11,NMDG60/2,3.728186E+7,NaN
P21,T,-1.145880E-10,-9.755469E-11,-1.223305E-10,-1.145880E-10,-1.145880E-10,-1.192335E-10,-1.145880E-10,-1.099426E-10,NMDG60/2,2.843911E+9,NaN
A22,T,-9.290922E-12,-3.871218E-11,-3.716369E-11,-3.251823E-11,-3.096974E-11,-2.787277E-11,-2.632428E-11,-2.013033E-11,NMDG60/2,1.191881E+9,6.561932E-12
B22,T,4.645461E-12,-9.136074E-11,-7.587586E-11,-7.432738E-11,-8.671527E-11,-6.193948E-11,-4.800310E-11,-4.490612E-11,NMDG60/2,4.054612E+8,1.432952E-11
C22,F,-6.720434E-10,-6.658494E-10,-6.643009E-10,-6.581070E-10,-6.271372E-10,-6.286857E-10,-6.333312E-10,-6.333312E-10,NMDG60/2,1.053077E+8,8.720099E-12
D22,F,-1.687851E-10,-2.400155E-10,-2.555004E-10,-2.740822E-10,-3.251823E-10,-3.189883E-10,-3.577005E-10,-3.840248E-10,NMDG60/2,3.741605E+8,1.480308E-11
E22,T,-3.561520E-11,-1.796245E-10,-1.409123E-10,-1.083941E-10,-1.285244E-10,-1.176850E-10,-9.600620E-11,-7.742435E-11,NMDG60/2,1.131188E+9,1.079608E-11
F22,T,-9.290922E-12,-2.167882E-11,-1.858184E-11,-1.548487E-11,-2.322731E-11,-1.548487E-11,-1.858184E-11,-1.703336E-11,NMDG60/2,9.792781E+8,6.208868E-12
G22,T,-8.826376E-11,-1.161365E-10,-1.161365E-10,-1.130395E-10,-1.114911E-10,-1.130395E-10,-1.052971E-10,-9.755469E-11,NMDG60/2,8.156713E+8,1.815956E-12
H22,T,-7.277889E-11,-1.243435E-9,-1.091683E-9,-8.377315E-10,-6.596555E-10,-5.187432E-10,-4.165430E-10,-3.484096E-10,NMDG60/2,8.341354E+8,4.003127E-11
I22,T,-1.316214E-10,-1.409123E-10,-1.641396E-10,-1.656881E-10,-1.625911E-10,-1.594942E-10,-1.687851E-10,-1.935609E-10,NMDG60/2,4.785900E+8,1.149984E-11
J22,T,-3.561520E-11,-3.251823E-11,-3.561520E-11,-3.251823E-11,-3.561520E-11,-3.561520E-11,-3.561520E-11,-3.871218E-11,NMDG60/2,9.006650E+8,8.225448E-12
K22,F,6.193948E-11,-5.884251E-11,-3.716369E-11,-4.335764E-11,-7.123040E-11,-6.813343E-11,-4.335764E-11,-5.419705E-11,NMDG60/2,1.048146E+9,1.432276E-11
L22,T,6.488161E-10,6.054584E-10,5.605523E-10,5.450674E-10,5.388735E-10,5.512614E-10,5.388735E-10,5.419705E-10,NMDG60/2,7.563134E+6,NaN
M22,T,-3.251823E-11,-4.026066E-11,-5.419705E-11,-4.180915E-11,-6.348796E-11,-3.251823E-11,-5.110007E-11,-4.955159E-11,NMDG60/2,5.519019E+8,6.040077E-12
N22,F,-3.747339E-10,-3.762823E-10,-3.530550E-10,-4.397703E-10,-4.475127E-10,-3.499581E-10,-3.189883E-10,-3.871218E-10,NMDG60/2,7.227997E+8,5.861644E-12
O22,T,3.716369E-11,-2.632428E-11,-2.787277E-11,-1.548487E-11,-1.703336E-11,6.193948E-12,1.083941E-11,2.477579E-11,NMDG60/2,4.332906E+7,NaN
P22,T,2.694368E-10,2.369185E-10,2.105942E-10,2.214336E-10,2.229821E-10,1.486548E-10,1.130395E-10,1.517517E-10,NMDG60/2,5.215085E+9,NaN
A23,T,4.521582E-10,3.995096E-10,3.917672E-10,3.933157E-10,3.995096E-10,4.057036E-10,3.917672E-10,3.995096E-10,NMDG60/2,6.147224E+6,NaN
B23,T,-8.826376E-11,-1.052971E-10,-1.099426E-10,-1.192335E-10,-1.114911E-10,-1.083941E-10,-1.052971E-10,-1.022001E-10,NMDG60/2,4.601112E+8,1.525239E-11
C23,F,-6.890767E-10,-7.246919E-10,-6.921737E-10,-7.649526E-10,-7.912769E-10,-7.618556E-10,-7.897284E-10,-8.052132E-10,NMDG60/2,8.330432E+7,NaN
D23,F,-1.703336E-10,-2.802762E-10,-3.066004E-10,-3.607975E-10,-3.747339E-10,-4.258339E-10,-4.521582E-10,-5.048068E-10,NMDG60/2,4.905859E+8,NaN
E23,F,1.780760E-10,-4.490612E-11,3.561520E-11,3.406671E-11,5.729402E-11,2.214336E-10,-3.251823E-11,1.641396E-10,NMDG60/2,2.223343E+8,1.111903E-11
F23,T,-1.393638E-11,-6.193948E-12,-9.290922E-12,-9.290922E-12,-9.290922E-12,-7.742435E-12,-1.393638E-11,-1.548487E-11,NMDG60/2,9.193014E+8,3.144909E-12
G23,T,-1.238790E-11,-1.455578E-10,-1.223305E-10,-1.114911E-10,-8.826376E-11,-1.037486E-10,-9.136074E-11,-1.022001E-10,NMDG60/2,2.451929E+8,2.187370E-11
H23,T,4.490612E-11,1.656881E-10,1.610427E-10,1.022001E-10,9.755469E-11,1.254274E-10,9.600620E-11,8.206981E-11,NMDG60/2,7.767050E+8,1.083051E-11
I23,T,-1.099426E-10,-1.811730E-10,-1.858184E-10,-1.889154E-10,-2.013033E-10,-2.152397E-10,-2.183367E-10,-2.353700E-10,NMDG60/2,4.603558E+8,2.658153E-12
J23,T,-2.167882E-11,-7.587586E-11,-6.193948E-11,-6.193948E-11,-5.884251E-11,-5.110007E-11,-7.277889E-11,-5.419705E-11,NMDG60/2,1.010960E+9,1.353945E-11
K23,T,-2.942125E-11,-2.136912E-10,-1.703336E-10,-1.904639E-10,-2.260791E-10,-2.090458E-10,-1.672366E-10,-1.749790E-10,NMDG60/2,2.116826E+8,2.817292E-12
L23,T,-1.703336E-11,-9.290922E-12,-1.238790E-11,-3.096974E-12,4.645461E-12,7.742435E-12,3.096974E-12,3.096974E-12,NMDG60/2,7.642930E+8,9.899763E-12
M23,T,-3.716369E-11,-6.348796E-11,-6.503646E-11,-6.813343E-11,-7.277889E-11,-6.658495E-11,-6.348796E-11,-6.658495E-11,NMDG60/2,1.355924E+9,1.689789E-11
N23,T,2.787277E-11,-8.052133E-11,-6.193948E-11,-4.180915E-11,-5.574553E-11,-2.942125E-11,-4.335764E-11,-5.264856E-11,NMDG60/2,3.110458E+8,1.149292E-11
O23,T,-2.787277E-11,-4.026066E-11,-4.490612E-11,-4.645461E-12,-1.238790E-11,-2.167882E-11,-5.264856E-11,-3.716369E-11,NMDG60/2,5.814782E+6,NaN
P23,T,-2.198852E-10,-1.300729E-10,-1.176850E-10,-1.083941E-10,-1.316214E-10,-8.206981E-11,-7.432738E-11,-9.755469E-11,NMDG60/2,4.784787E+10,NaN
A24,T,-3.716369E-11,-5.729402E-11,-5.884251E-11,-6.039100E-11,-5.419705E-11,-5.110007E-11,-4.800310E-11,-4.955159E-11,NMDG60/2,1.497654E+9,1.282688E-11
B24,T,-1.811730E-10,-2.121427E-10,-2.214336E-10,-2.214336E-10,-1.951094E-10,-1.920124E-10,-2.136912E-10,-2.214336E-10,NMDG60/2,2.837733E+8,1.513510E-11
C24,F,-1.656881E-10,-1.718821E-10,-1.641396E-10,-1.734305E-10,-1.548487E-10,-1.703336E-10,-1.517517E-10,-1.579457E-10,NMDG60/2,NaN,NaN
D24,T,-2.632428E-10,-4.180915E-11,-4.800310E-11,-6.193948E-11,-7.742435E-11,-1.068456E-10,-1.037486E-10,-1.161365E-10,NMDG60/2,1.052987E+9,1.966597E-11
E24,T,-2.942125E-11,-5.264856E-11,-3.406671E-11,-3.716369E-11,-3.716369E-11,-3.096974E-11,-2.942125E-11,-2.632428E-11,NMDG60/2,1.574966E+9,2.006573E-11
F24,T,-1.393638E-11,-1.734305E-10,-1.842700E-10,-1.409123E-10,-8.361830E-11,-1.254274E-10,-1.176850E-10,-1.393638E-10,NMDG60/2,3.215900E+8,5.652778E-12
G24,F,6.503646E-11,-2.013033E-11,4.335764E-11,7.742435E-11,7.587586E-11,1.114911E-10,1.068456E-10,1.114911E-10,NMDG60/2,1.099827E+9,9.753441E-12
H24,F,-5.419705E-11,-1.997548E-10,-2.105942E-10,-1.672366E-10,-1.563972E-10,-1.672366E-10,-1.672366E-10,-1.610427E-10,NMDG60/2,3.230224E+8,1.217797E-11
I24,T,-6.193948E-11,-7.742435E-11,-8.671527E-11,-7.587586E-11,-8.671527E-11,-8.052133E-11,-8.206981E-11,-8.361830E-11,NMDG60/2,1.333370E+9,1.237511E-11
J24,T,-1.285244E-10,-3.468611E-10,-3.360217E-10,-3.035034E-10,-3.004065E-10,-2.709852E-10,-2.369185E-10,-2.183367E-10,NMDG60/2,1.258058E+8,3.576960E-12
K24,T,1.006517E-10,2.136912E-10,2.539519E-10,2.647913E-10,2.802762E-10,2.957610E-10,3.143429E-10,3.375702E-10,NMDG60/2,8.957166E+8,3.709312E-12
L24,T,-1.145880E-10,-1.223305E-10,-1.192335E-10,-1.207820E-10,-1.207820E-10,-1.254274E-10,-1.331699E-10,-1.269759E-10,NMDG60/2,1.479608E+8,1.130817E-11
M24,T,1.548487E-11,-2.431125E-10,-2.384670E-10,-2.136912E-10,-1.889154E-10,-1.796245E-10,-1.842700E-10,-1.610427E-10,NMDG60/2,6.016612E+7,5.408691E-11
N24,T,-4.645461E-12,-5.574553E-11,-3.716369E-11,-3.561520E-11,-5.729402E-11,-1.858184E-11,-3.561520E-11,-3.096974E-11,NMDG60/2,6.753890E+8,1.369029E-11
O24,T,2.787277E-11,-3.406671E-11,2.942125E-11,4.490612E-11,9.445771E-11,1.579457E-10,2.245306E-10,2.229821E-10,NMDG60/2,7.609216E+7,1.776854E-11
P24,T,8.361830E-11,-1.068456E-10,-1.796245E-10,-2.044003E-10,-2.322731E-10,-3.251823E-10,-3.917672E-10,-3.731854E-10,NMDG60/2,1.423557E+9,1.486340E-11
